train_corpus;test_corpus;features;true_index;pred_index;count;norm_value
mysMEEI;mysMEEI;acoustic;0;0;28.05;0.7791666666666667
mysMEEI;mysMEEI;acoustic;0;1;7.95;0.22083333333333308
mysMEEI;mysMEEI;acoustic;1;0;7.0;0.125
mysMEEI;mysMEEI;acoustic;1;1;49.0;0.875
mysMEEI;mysMEEI;acoustic_balanced_weights;0;0;29.96;0.8322222222222222
mysMEEI;mysMEEI;acoustic_balanced_weights;0;1;6.04;0.16777777777777772
mysMEEI;mysMEEI;acoustic_balanced_weights;1;0;8.11;0.14482142857142855
mysMEEI;mysMEEI;acoustic_balanced_weights;1;1;47.89;0.8551785714285713
mysMEEI;mysMEEI;spectral_paper;0;0;29.62;0.8227777777777783
mysMEEI;mysMEEI;spectral_paper;0;1;6.38;0.17722222222222217
mysMEEI;mysMEEI;spectral_paper;1;0;4.85;0.08660714285714284
mysMEEI;mysMEEI;spectral_paper;1;1;51.15;0.9133928571428579
mysMEEI;mysMEEI;combined_paper;0;0;32.9;0.9138888888888879
mysMEEI;mysMEEI;combined_paper;0;1;3.1;0.08611111111111097
mysMEEI;mysMEEI;combined_paper;1;0;3.95;0.07053571428571423
mysMEEI;mysMEEI;combined_paper;1;1;52.05;0.9294642857142865
mysMEEI;mysMEEI;spectral_02;0;0;29.28;0.813333333333334
mysMEEI;mysMEEI;spectral_02;0;1;6.72;0.18666666666666662
mysMEEI;mysMEEI;spectral_02;1;0;5.91;0.10553571428571429
mysMEEI;mysMEEI;spectral_02;1;1;50.09;0.8944642857142857
mysMEEI;mysMEEI;combined_02;0;0;31.73;0.8813888888888887
mysMEEI;mysMEEI;combined_02;0;1;4.27;0.11861111111111108
mysMEEI;mysMEEI;combined_02;1;0;4.74;0.08464285714285712
mysMEEI;mysMEEI;combined_02;1;1;51.26;0.9153571428571441
mysMEEI;mysMEEI;sep_02_raw;0;0;31.45;0.873611111111111
mysMEEI;mysMEEI;sep_02_raw;0;1;4.55;0.12638888888888888
mysMEEI;mysMEEI;sep_02_raw;1;0;3.05;0.054464285714285715
mysMEEI;mysMEEI;sep_02_raw;1;1;52.95;0.9455357142857133
mysMEEI;mysMEEI;sep_02_a01;0;0;32.89;0.9136111111111106
mysMEEI;mysMEEI;sep_02_a01;0;1;3.11;0.08638888888888879
mysMEEI;mysMEEI;sep_02_a01;1;0;4.23;0.07553571428571428
mysMEEI;mysMEEI;sep_02_a01;1;1;51.77;0.924464285714287
mysMEEI;mysMEEI;sep_02_a02;0;0;32.3;0.8972222222222221
mysMEEI;mysMEEI;sep_02_a02;0;1;3.7;0.10277777777777775
mysMEEI;mysMEEI;sep_02_a02;1;0;4.12;0.07357142857142854
mysMEEI;mysMEEI;sep_02_a02;1;1;51.88;0.9264285714285727
mysMEEI;mysMEEI;spectral_03;0;0;31.43;0.8730555555555556
mysMEEI;mysMEEI;spectral_03;0;1;4.57;0.12694444444444447
mysMEEI;mysMEEI;spectral_03;1;0;5.76;0.10285714285714283
mysMEEI;mysMEEI;spectral_03;1;1;50.24;0.8971428571428574
mysMEEI;mysMEEI;combined_03;0;0;33.59;0.933055555555555
mysMEEI;mysMEEI;combined_03;0;1;2.41;0.06694444444444433
mysMEEI;mysMEEI;combined_03;1;0;3.57;0.06375000000000001
mysMEEI;mysMEEI;combined_03;1;1;52.43;0.9362499999999997
mysMEEI;mysMEEI;sep_03_raw;0;0;31.55;0.8763888888888891
mysMEEI;mysMEEI;sep_03_raw;0;1;4.45;0.12361111111111114
mysMEEI;mysMEEI;sep_03_raw;1;0;3.24;0.05785714285714285
mysMEEI;mysMEEI;sep_03_raw;1;1;52.76;0.9421428571428564
mysMEEI;mysMEEI;sep_03_a01;0;0;32.84;0.9122222222222218
mysMEEI;mysMEEI;sep_03_a01;0;1;3.16;0.08777777777777769
mysMEEI;mysMEEI;sep_03_a01;1;0;4.39;0.07839285714285714
mysMEEI;mysMEEI;sep_03_a01;1;1;51.61;0.921607142857144
mysMEEI;mysMEEI;sep_03_a02;0;0;33.43;0.9286111111111107
mysMEEI;mysMEEI;sep_03_a02;0;1;2.57;0.07138888888888877
mysMEEI;mysMEEI;sep_03_a02;1;0;4.19;0.07482142857142855
mysMEEI;mysMEEI;sep_03_a02;1;1;51.81;0.9251785714285724
mysMEEI;mysMEEI;spectral_04;0;0;31.29;0.8691666666666665
mysMEEI;mysMEEI;spectral_04;0;1;4.71;0.13083333333333333
mysMEEI;mysMEEI;spectral_04;1;0;4.56;0.08142857142857145
mysMEEI;mysMEEI;spectral_04;1;1;51.44;0.9185714285714295
mysMEEI;mysMEEI;combined_04;0;0;33.02;0.9172222222222223
mysMEEI;mysMEEI;combined_04;0;1;2.98;0.08277777777777767
mysMEEI;mysMEEI;combined_04;1;0;4.54;0.0810714285714286
mysMEEI;mysMEEI;combined_04;1;1;51.46;0.9189285714285728
mysMEEI;mysMEEI;sep_04_raw;0;0;30.89;0.8580555555555561
mysMEEI;mysMEEI;sep_04_raw;0;1;5.11;0.14194444444444448
mysMEEI;mysMEEI;sep_04_raw;1;0;3.54;0.06321428571428574
mysMEEI;mysMEEI;sep_04_raw;1;1;52.46;0.9367857142857141
mysMEEI;mysMEEI;sep_04_a01;0;0;32.25;0.895833333333333
mysMEEI;mysMEEI;sep_04_a01;0;1;3.75;0.10416666666666663
mysMEEI;mysMEEI;sep_04_a01;1;0;4.43;0.07910714285714286
mysMEEI;mysMEEI;sep_04_a01;1;1;51.57;0.9208928571428582
mysMEEI;mysMEEI;sep_04_a02;0;0;31.67;0.8797222222222219
mysMEEI;mysMEEI;sep_04_a02;0;1;4.33;0.12027777777777776
mysMEEI;mysMEEI;sep_04_a02;1;0;4.27;0.07625
mysMEEI;mysMEEI;sep_04_a02;1;1;51.73;0.9237500000000012
mysMEEI;mysMEEI;spectral_05;0;0;31.43;0.8730555555555551
mysMEEI;mysMEEI;spectral_05;0;1;4.57;0.1269444444444444
mysMEEI;mysMEEI;spectral_05;1;0;4.96;0.08857142857142858
mysMEEI;mysMEEI;spectral_05;1;1;51.04;0.9114285714285724
mysMEEI;mysMEEI;combined_05;0;0;32.18;0.8938888888888883
mysMEEI;mysMEEI;combined_05;0;1;3.82;0.10611111111111103
mysMEEI;mysMEEI;combined_05;1;0;4.68;0.08357142857142856
mysMEEI;mysMEEI;combined_05;1;1;51.32;0.9164285714285724
mysMEEI;mysMEEI;sep_05_raw;0;0;30.52;0.8477777777777783
mysMEEI;mysMEEI;sep_05_raw;0;1;5.48;0.1522222222222222
mysMEEI;mysMEEI;sep_05_raw;1;0;3.65;0.06517857142857139
mysMEEI;mysMEEI;sep_05_raw;1;1;52.35;0.9348214285714286
mysMEEI;mysMEEI;sep_05_a01;0;0;31.95;0.8874999999999996
mysMEEI;mysMEEI;sep_05_a01;0;1;4.05;0.11249999999999995
mysMEEI;mysMEEI;sep_05_a01;1;0;4.78;0.08535714285714285
mysMEEI;mysMEEI;sep_05_a01;1;1;51.22;0.9146428571428583
mysMEEI;mysMEEI;sep_05_a02;0;0;31.54;0.8761111111111108
mysMEEI;mysMEEI;sep_05_a02;0;1;4.46;0.12388888888888885
mysMEEI;mysMEEI;sep_05_a02;1;0;4.64;0.08285714285714285
mysMEEI;mysMEEI;sep_05_a02;1;1;51.36;0.9171428571428584
mysMEEI;mysMEEI;spectral_06;0;0;29.72;0.825555555555556
mysMEEI;mysMEEI;spectral_06;0;1;6.28;0.17444444444444443
mysMEEI;mysMEEI;spectral_06;1;0;4.8;0.08571428571428573
mysMEEI;mysMEEI;spectral_06;1;1;51.2;0.9142857142857155
mysMEEI;mysMEEI;combined_06;0;0;30.98;0.8605555555555562
mysMEEI;mysMEEI;combined_06;0;1;5.02;0.1394444444444445
mysMEEI;mysMEEI;combined_06;1;0;4.59;0.0819642857142857
mysMEEI;mysMEEI;combined_06;1;1;51.41;0.9180357142857152
mysMEEI;mysMEEI;sep_06_raw;0;0;30.16;0.837777777777778
mysMEEI;mysMEEI;sep_06_raw;0;1;5.84;0.16222222222222216
mysMEEI;mysMEEI;sep_06_raw;1;0;3.72;0.06642857142857145
mysMEEI;mysMEEI;sep_06_raw;1;1;52.28;0.933571428571429
mysMEEI;mysMEEI;sep_06_a01;0;0;31.11;0.864166666666667
mysMEEI;mysMEEI;sep_06_a01;0;1;4.89;0.1358333333333334
mysMEEI;mysMEEI;sep_06_a01;1;0;4.39;0.07839285714285714
mysMEEI;mysMEEI;sep_06_a01;1;1;51.61;0.921607142857144
mysMEEI;mysMEEI;sep_06_a02;0;0;30.82;0.8561111111111113
mysMEEI;mysMEEI;sep_06_a02;0;1;5.18;0.1438888888888889
mysMEEI;mysMEEI;sep_06_a02;1;0;4.28;0.07642857142857143
mysMEEI;mysMEEI;sep_06_a02;1;1;51.72;0.9235714285714296
mysMEEI;mysMEEI;spectral_07;0;0;29.04;0.806666666666667
mysMEEI;mysMEEI;spectral_07;0;1;6.96;0.19333333333333322
mysMEEI;mysMEEI;spectral_07;1;0;4.01;0.07160714285714286
mysMEEI;mysMEEI;spectral_07;1;1;51.99;0.9283928571428577
mysMEEI;mysMEEI;combined_07;0;0;30.33;0.8425000000000007
mysMEEI;mysMEEI;combined_07;0;1;5.67;0.1575
mysMEEI;mysMEEI;combined_07;1;0;3.98;0.07107142857142855
mysMEEI;mysMEEI;combined_07;1;1;52.02;0.9289285714285717
mysMEEI;mysMEEI;sep_07_raw;0;0;29.68;0.8244444444444448
mysMEEI;mysMEEI;sep_07_raw;0;1;6.32;0.17555555555555555
mysMEEI;mysMEEI;sep_07_raw;1;0;3.55;0.06339285714285713
mysMEEI;mysMEEI;sep_07_raw;1;1;52.45;0.9366071428571431
mysMEEI;mysMEEI;sep_07_a01;0;0;30.23;0.8397222222222228
mysMEEI;mysMEEI;sep_07_a01;0;1;5.77;0.1602777777777778
mysMEEI;mysMEEI;sep_07_a01;1;0;4.14;0.0739285714285714
mysMEEI;mysMEEI;sep_07_a01;1;1;51.86;0.9260714285714297
mysMEEI;mysMEEI;sep_07_a02;0;0;30.21;0.8391666666666673
mysMEEI;mysMEEI;sep_07_a02;0;1;5.79;0.16083333333333338
mysMEEI;mysMEEI;sep_07_a02;1;0;3.97;0.07089285714285712
mysMEEI;mysMEEI;sep_07_a02;1;1;52.03;0.9291071428571438
mysMEEI;mysMEEI;spectral_08;0;0;28.65;0.7958333333333337
mysMEEI;mysMEEI;spectral_08;0;1;7.35;0.20416666666666639
mysMEEI;mysMEEI;spectral_08;1;0;3.71;0.06625
mysMEEI;mysMEEI;spectral_08;1;1;52.29;0.9337500000000002
mysMEEI;mysMEEI;combined_08;0;0;30.07;0.8352777777777786
mysMEEI;mysMEEI;combined_08;0;1;5.93;0.16472222222222221
mysMEEI;mysMEEI;combined_08;1;0;3.97;0.07089285714285713
mysMEEI;mysMEEI;combined_08;1;1;52.03;0.9291071428571432
mysMEEI;mysMEEI;sep_08_raw;0;0;29.31;0.8141666666666671
mysMEEI;mysMEEI;sep_08_raw;0;1;6.69;0.18583333333333324
mysMEEI;mysMEEI;sep_08_raw;1;0;3.48;0.062142857142857146
mysMEEI;mysMEEI;sep_08_raw;1;1;52.52;0.937857142857143
mysMEEI;mysMEEI;sep_08_a01;0;0;29.89;0.8302777777777781
mysMEEI;mysMEEI;sep_08_a01;0;1;6.11;0.16972222222222222
mysMEEI;mysMEEI;sep_08_a01;1;0;4.05;0.07232142857142854
mysMEEI;mysMEEI;sep_08_a01;1;1;51.95;0.9276785714285722
mysMEEI;mysMEEI;sep_08_a02;0;0;29.92;0.8311111111111116
mysMEEI;mysMEEI;sep_08_a02;0;1;6.08;0.1688888888888889
mysMEEI;mysMEEI;sep_08_a02;1;0;3.92;0.06999999999999995
mysMEEI;mysMEEI;sep_08_a02;1;1;52.08;0.9300000000000008
mysMEEI;mysMEEI;spectral_09;0;0;28.02;0.7783333333333335
mysMEEI;mysMEEI;spectral_09;0;1;7.98;0.22166666666666646
mysMEEI;mysMEEI;spectral_09;1;0;3.46;0.061785714285714305
mysMEEI;mysMEEI;spectral_09;1;1;52.54;0.9382142857142856
mysMEEI;mysMEEI;combined_09;0;0;29.7;0.8250000000000007
mysMEEI;mysMEEI;combined_09;0;1;6.3;0.175
mysMEEI;mysMEEI;combined_09;1;0;4.03;0.07196428571428573
mysMEEI;mysMEEI;combined_09;1;1;51.97;0.9280357142857149
mysMEEI;mysMEEI;sep_09_raw;0;0;28.92;0.8033333333333335
mysMEEI;mysMEEI;sep_09_raw;0;1;7.08;0.19666666666666666
mysMEEI;mysMEEI;sep_09_raw;1;0;3.48;0.062142857142857146
mysMEEI;mysMEEI;sep_09_raw;1;1;52.52;0.9378571428571427
mysMEEI;mysMEEI;sep_09_a01;0;0;29.63;0.8230555555555561
mysMEEI;mysMEEI;sep_09_a01;0;1;6.37;0.17694444444444435
mysMEEI;mysMEEI;sep_09_a01;1;0;3.94;0.07035714285714283
mysMEEI;mysMEEI;sep_09_a01;1;1;52.06;0.9296428571428581
mysMEEI;mysMEEI;sep_09_a02;0;0;29.87;0.8297222222222227
mysMEEI;mysMEEI;sep_09_a02;0;1;6.13;0.17027777777777775
mysMEEI;mysMEEI;sep_09_a02;1;0;3.92;0.06999999999999998
mysMEEI;mysMEEI;sep_09_a02;1;1;52.08;0.9300000000000008
mysMEEI;mysMEEI;spectral_10;0;0;27.68;0.7688888888888892
mysMEEI;mysMEEI;spectral_10;0;1;8.32;0.2311111111111109
mysMEEI;mysMEEI;spectral_10;1;0;3.48;0.062142857142857146
mysMEEI;mysMEEI;spectral_10;1;1;52.52;0.9378571428571425
mysMEEI;mysMEEI;combined_10;0;0;29.2;0.8111111111111114
mysMEEI;mysMEEI;combined_10;0;1;6.8;0.18888888888888883
mysMEEI;mysMEEI;combined_10;1;0;4.14;0.07392857142857141
mysMEEI;mysMEEI;combined_10;1;1;51.86;0.9260714285714294
mysMEEI;mysMEEI;sep_10_raw;0;0;29.1;0.808333333333334
mysMEEI;mysMEEI;sep_10_raw;0;1;6.9;0.1916666666666666
mysMEEI;mysMEEI;sep_10_raw;1;0;3.5;0.0625
mysMEEI;mysMEEI;sep_10_raw;1;1;52.5;0.9375
mysMEEI;mysMEEI;sep_10_a01;0;0;29.71;0.8252777777777786
mysMEEI;mysMEEI;sep_10_a01;0;1;6.29;0.17472222222222225
mysMEEI;mysMEEI;sep_10_a01;1;0;3.91;0.06982142857142853
mysMEEI;mysMEEI;sep_10_a01;1;1;52.09;0.9301785714285722
mysMEEI;mysMEEI;sep_10_a02;0;0;29.41;0.8169444444444448
mysMEEI;mysMEEI;sep_10_a02;0;1;6.59;0.18305555555555547
mysMEEI;mysMEEI;sep_10_a02;1;0;3.89;0.06946428571428567
mysMEEI;mysMEEI;sep_10_a02;1;1;52.11;0.930535714285715
mysMEEI;mysMEEI;spectral_11;0;0;27.67;0.768611111111111
mysMEEI;mysMEEI;spectral_11;0;1;8.33;0.23138888888888876
mysMEEI;mysMEEI;spectral_11;1;0;3.35;0.05982142857142859
mysMEEI;mysMEEI;spectral_11;1;1;52.65;0.940178571428571
mysMEEI;mysMEEI;combined_11;0;0;28.7;0.7972222222222226
mysMEEI;mysMEEI;combined_11;0;1;7.3;0.20277777777777767
mysMEEI;mysMEEI;combined_11;1;0;4.16;0.07428571428571427
mysMEEI;mysMEEI;combined_11;1;1;51.84;0.9257142857142866
mysMEEI;mysMEEI;sep_11_raw;0;0;29.49;0.8191666666666673
mysMEEI;mysMEEI;sep_11_raw;0;1;6.51;0.1808333333333332
mysMEEI;mysMEEI;sep_11_raw;1;0;3.46;0.06178571428571428
mysMEEI;mysMEEI;sep_11_raw;1;1;52.54;0.9382142857142857
mysMEEI;mysMEEI;sep_11_a01;0;0;30.16;0.8377777777777783
mysMEEI;mysMEEI;sep_11_a01;0;1;5.84;0.1622222222222222
mysMEEI;mysMEEI;sep_11_a01;1;0;3.86;0.0689285714285714
mysMEEI;mysMEEI;sep_11_a01;1;1;52.14;0.9310714285714293
mysMEEI;mysMEEI;sep_11_a02;0;0;29.49;0.8191666666666666
mysMEEI;mysMEEI;sep_11_a02;0;1;6.51;0.1808333333333333
mysMEEI;mysMEEI;sep_11_a02;1;0;3.79;0.06767857142857138
mysMEEI;mysMEEI;sep_11_a02;1;1;52.21;0.9323214285714292
mysMEEI;mysMEEI;spectral_12;0;0;27.58;0.7661111111111107
mysMEEI;mysMEEI;spectral_12;0;1;8.42;0.23388888888888865
mysMEEI;mysMEEI;spectral_12;1;0;3.19;0.05696428571428571
mysMEEI;mysMEEI;spectral_12;1;1;52.81;0.9430357142857134
mysMEEI;mysMEEI;combined_12;0;0;28.68;0.796666666666667
mysMEEI;mysMEEI;combined_12;0;1;7.32;0.20333333333333306
mysMEEI;mysMEEI;combined_12;1;0;3.92;0.06999999999999999
mysMEEI;mysMEEI;combined_12;1;1;52.08;0.9300000000000007
mysMEEI;mysMEEI;sep_12_raw;0;0;30.19;0.8386111111111115
mysMEEI;mysMEEI;sep_12_raw;0;1;5.81;0.1613888888888889
mysMEEI;mysMEEI;sep_12_raw;1;0;2.92;0.05214285714285713
mysMEEI;mysMEEI;sep_12_raw;1;1;53.08;0.9478571428571422
mysMEEI;mysMEEI;sep_12_a01;0;0;30.55;0.8486111111111114
mysMEEI;mysMEEI;sep_12_a01;0;1;5.45;0.1513888888888889
mysMEEI;mysMEEI;sep_12_a01;1;0;3.31;0.05910714285714284
mysMEEI;mysMEEI;sep_12_a01;1;1;52.69;0.9408928571428566
mysMEEI;mysMEEI;sep_12_a02;0;0;29.77;0.826944444444445
mysMEEI;mysMEEI;sep_12_a02;0;1;6.23;0.17305555555555563
mysMEEI;mysMEEI;sep_12_a02;1;0;3.2;0.057142857142857106
mysMEEI;mysMEEI;sep_12_a02;1;1;52.8;0.9428571428571424
mysMEEI;mysMEEI;spectral_13;0;0;27.43;0.7619444444444443
mysMEEI;mysMEEI;spectral_13;0;1;8.57;0.23805555555555535
mysMEEI;mysMEEI;spectral_13;1;0;3.02;0.05392857142857142
mysMEEI;mysMEEI;spectral_13;1;1;52.98;0.9460714285714278
mysMEEI;mysMEEI;combined_13;0;0;28.84;0.8011111111111114
mysMEEI;mysMEEI;combined_13;0;1;7.16;0.19888888888888878
mysMEEI;mysMEEI;combined_13;1;0;3.3;0.05892857142857144
mysMEEI;mysMEEI;combined_13;1;1;52.7;0.9410714285714282
mysMEEI;mysMEEI;sep_13_raw;0;0;30.26;0.8405555555555559
mysMEEI;mysMEEI;sep_13_raw;0;1;5.74;0.15944444444444444
mysMEEI;mysMEEI;sep_13_raw;1;0;2.84;0.05071428571428567
mysMEEI;mysMEEI;sep_13_raw;1;1;53.16;0.9492857142857133
mysMEEI;mysMEEI;sep_13_a01;0;0;30.47;0.846388888888889
mysMEEI;mysMEEI;sep_13_a01;0;1;5.53;0.15361111111111106
mysMEEI;mysMEEI;sep_13_a01;1;0;3.33;0.059464285714285706
mysMEEI;mysMEEI;sep_13_a01;1;1;52.67;0.9405357142857137
mysMEEI;mysMEEI;sep_13_a02;0;0;29.5;0.8194444444444449
mysMEEI;mysMEEI;sep_13_a02;0;1;6.5;0.18055555555555552
mysMEEI;mysMEEI;sep_13_a02;1;0;3.11;0.05553571428571428
mysMEEI;mysMEEI;sep_13_a02;1;1;52.89;0.9444642857142849
mysMEEI;mysMEEI;spectral_14;0;0;27.16;0.7544444444444443
mysMEEI;mysMEEI;spectral_14;0;1;8.84;0.24555555555555542
mysMEEI;mysMEEI;spectral_14;1;0;2.86;0.05107142857142856
mysMEEI;mysMEEI;spectral_14;1;1;53.14;0.9489285714285706
mysMEEI;mysMEEI;combined_14;0;0;28.53;0.7925000000000008
mysMEEI;mysMEEI;combined_14;0;1;7.47;0.20749999999999974
mysMEEI;mysMEEI;combined_14;1;0;3.33;0.05946428571428572
mysMEEI;mysMEEI;combined_14;1;1;52.67;0.940535714285714
mysMEEI;mysMEEI;sep_14_raw;0;0;30.09;0.8358333333333335
mysMEEI;mysMEEI;sep_14_raw;0;1;5.91;0.16416666666666668
mysMEEI;mysMEEI;sep_14_raw;1;0;2.85;0.0508928571428571
mysMEEI;mysMEEI;sep_14_raw;1;1;53.15;0.9491071428571419
mysMEEI;mysMEEI;sep_14_a01;0;0;30.14;0.8372222222222228
mysMEEI;mysMEEI;sep_14_a01;0;1;5.86;0.16277777777777774
mysMEEI;mysMEEI;sep_14_a01;1;0;3.26;0.05821428571428571
mysMEEI;mysMEEI;sep_14_a01;1;1;52.74;0.9417857142857139
mysMEEI;mysMEEI;sep_14_a02;0;0;29.41;0.8169444444444451
mysMEEI;mysMEEI;sep_14_a02;0;1;6.59;0.18305555555555547
mysMEEI;mysMEEI;sep_14_a02;1;0;3.08;0.05499999999999999
mysMEEI;mysMEEI;sep_14_a02;1;1;52.92;0.9449999999999992
mysMEEI;mysMEEI;spectral_15;0;0;26.64;0.7399999999999995
mysMEEI;mysMEEI;spectral_15;0;1;9.36;0.26000000000000006
mysMEEI;mysMEEI;spectral_15;1;0;2.72;0.04857142857142853
mysMEEI;mysMEEI;spectral_15;1;1;53.28;0.9514285714285705
mysMEEI;mysMEEI;combined_15;0;0;28.38;0.7883333333333333
mysMEEI;mysMEEI;combined_15;0;1;7.62;0.21166666666666648
mysMEEI;mysMEEI;combined_15;1;0;3.26;0.058214285714285705
mysMEEI;mysMEEI;combined_15;1;1;52.74;0.9417857142857139
mysMEEI;mysMEEI;sep_15_raw;0;0;29.81;0.8280555555555559
mysMEEI;mysMEEI;sep_15_raw;0;1;6.19;0.1719444444444444
mysMEEI;mysMEEI;sep_15_raw;1;0;2.79;0.049821428571428544
mysMEEI;mysMEEI;sep_15_raw;1;1;53.21;0.9501785714285705
mysMEEI;mysMEEI;sep_15_a01;0;0;29.57;0.8213888888888894
mysMEEI;mysMEEI;sep_15_a01;0;1;6.43;0.17861111111111097
mysMEEI;mysMEEI;sep_15_a01;1;0;3.16;0.056428571428571425
mysMEEI;mysMEEI;sep_15_a01;1;1;52.84;0.9435714285714281
mysMEEI;mysMEEI;sep_15_a02;0;0;29.19;0.810833333333334
mysMEEI;mysMEEI;sep_15_a02;0;1;6.81;0.18916666666666654
mysMEEI;mysMEEI;sep_15_a02;1;0;3.03;0.05410714285714285
mysMEEI;mysMEEI;sep_15_a02;1;1;52.97;0.9458928571428562
myUSP;myUSP;acoustic;0;0;0.7;0.046666666666666703
myUSP;myUSP;acoustic;0;1;14.3;0.9533333333333331
myUSP;myUSP;acoustic;1;0;2.15;0.0671875
myUSP;myUSP;acoustic;1;1;29.85;0.9328125
myUSP;myUSP;acoustic_balanced_weights;0;0;8.4;0.5600000000000002
myUSP;myUSP;acoustic_balanced_weights;0;1;6.6;0.4399999999999997
myUSP;myUSP;acoustic_balanced_weights;1;0;10.28;0.32125
myUSP;myUSP;acoustic_balanced_weights;1;1;21.72;0.67875
myUSP;myUSP;spectral_paper;0;0;14.24;0.9493333333333333
myUSP;myUSP;spectral_paper;0;1;0.76;0.05066666666666671
myUSP;myUSP;spectral_paper;1;0;0.54;0.016875
myUSP;myUSP;spectral_paper;1;1;31.46;0.983125
myUSP;myUSP;combined_paper;0;0;13.6;0.9066666666666663
myUSP;myUSP;combined_paper;0;1;1.4;0.09333333333333331
myUSP;myUSP;combined_paper;1;0;1.11;0.0346875
myUSP;myUSP;combined_paper;1;1;30.89;0.9653125
myUSP;myUSP;spectral_02;0;0;13.26;0.8839999999999992
myUSP;myUSP;spectral_02;0;1;1.74;0.11599999999999998
myUSP;myUSP;spectral_02;1;0;4.96;0.155
myUSP;myUSP;spectral_02;1;1;27.04;0.845
myUSP;myUSP;combined_02;0;0;13.14;0.8759999999999991
myUSP;myUSP;combined_02;0;1;1.86;0.12399999999999987
myUSP;myUSP;combined_02;1;0;4.7;0.146875
myUSP;myUSP;combined_02;1;1;27.3;0.853125
myUSP;myUSP;sep_02_raw;0;0;12.09;0.8059999999999993
myUSP;myUSP;sep_02_raw;0;1;2.91;0.19399999999999987
myUSP;myUSP;sep_02_raw;1;0;3.73;0.1165625
myUSP;myUSP;sep_02_raw;1;1;28.27;0.8834375
myUSP;myUSP;sep_02_a01;0;0;12.69;0.8459999999999992
myUSP;myUSP;sep_02_a01;0;1;2.31;0.15399999999999986
myUSP;myUSP;sep_02_a01;1;0;3.96;0.12375
myUSP;myUSP;sep_02_a01;1;1;28.04;0.87625
myUSP;myUSP;sep_02_a02;0;0;12.29;0.8193333333333325
myUSP;myUSP;sep_02_a02;0;1;2.71;0.18066666666666653
myUSP;myUSP;sep_02_a02;1;0;3.1;0.096875
myUSP;myUSP;sep_02_a02;1;1;28.9;0.903125
myUSP;myUSP;spectral_03;0;0;12.82;0.8546666666666657
myUSP;myUSP;spectral_03;0;1;2.18;0.14533333333333318
myUSP;myUSP;spectral_03;1;0;2.82;0.088125
myUSP;myUSP;spectral_03;1;1;29.18;0.911875
myUSP;myUSP;combined_03;0;0;13.19;0.8793333333333326
myUSP;myUSP;combined_03;0;1;1.81;0.12066666666666663
myUSP;myUSP;combined_03;1;0;2.34;0.073125
myUSP;myUSP;combined_03;1;1;29.66;0.926875
myUSP;myUSP;sep_03_raw;0;0;11.14;0.7426666666666665
myUSP;myUSP;sep_03_raw;0;1;3.86;0.2573333333333331
myUSP;myUSP;sep_03_raw;1;0;1.38;0.043125
myUSP;myUSP;sep_03_raw;1;1;30.62;0.956875
myUSP;myUSP;sep_03_a01;0;0;12.02;0.8013333333333325
myUSP;myUSP;sep_03_a01;0;1;2.98;0.1986666666666665
myUSP;myUSP;sep_03_a01;1;0;1.8;0.05625
myUSP;myUSP;sep_03_a01;1;1;30.2;0.94375
myUSP;myUSP;sep_03_a02;0;0;12.44;0.8293333333333321
myUSP;myUSP;sep_03_a02;0;1;2.56;0.17066666666666652
myUSP;myUSP;sep_03_a02;1;0;1.38;0.043125
myUSP;myUSP;sep_03_a02;1;1;30.62;0.956875
myUSP;myUSP;spectral_04;0;0;12.5;0.8333333333333325
myUSP;myUSP;spectral_04;0;1;2.5;0.16666666666666655
myUSP;myUSP;spectral_04;1;0;1.91;0.0596875
myUSP;myUSP;spectral_04;1;1;30.09;0.9403125
myUSP;myUSP;combined_04;0;0;12.7;0.8466666666666655
myUSP;myUSP;combined_04;0;1;2.3;0.15333333333333315
myUSP;myUSP;combined_04;1;0;0.88;0.0275
myUSP;myUSP;combined_04;1;1;31.12;0.9725
myUSP;myUSP;sep_04_raw;0;0;10.5;0.7000000000000002
myUSP;myUSP;sep_04_raw;0;1;4.5;0.29999999999999966
myUSP;myUSP;sep_04_raw;1;0;0.62;0.019375
myUSP;myUSP;sep_04_raw;1;1;31.38;0.980625
myUSP;myUSP;sep_04_a01;0;0;11.41;0.760666666666666
myUSP;myUSP;sep_04_a01;0;1;3.59;0.23933333333333312
myUSP;myUSP;sep_04_a01;1;0;1.09;0.0340625
myUSP;myUSP;sep_04_a01;1;1;30.91;0.9659375
myUSP;myUSP;sep_04_a02;0;0;11.66;0.7773333333333328
myUSP;myUSP;sep_04_a02;0;1;3.34;0.22266666666666646
myUSP;myUSP;sep_04_a02;1;0;1.22;0.038125
myUSP;myUSP;sep_04_a02;1;1;30.78;0.961875
myUSP;myUSP;spectral_05;0;0;11.08;0.7386666666666665
myUSP;myUSP;spectral_05;0;1;3.92;0.2613333333333331
myUSP;myUSP;spectral_05;1;0;1.39;0.0434375
myUSP;myUSP;spectral_05;1;1;30.61;0.9565625
myUSP;myUSP;combined_05;0;0;12.11;0.8073333333333323
myUSP;myUSP;combined_05;0;1;2.89;0.1926666666666664
myUSP;myUSP;combined_05;1;0;0.96;0.03
myUSP;myUSP;combined_05;1;1;31.04;0.97
myUSP;myUSP;sep_05_raw;0;0;9.41;0.6273333333333332
myUSP;myUSP;sep_05_raw;0;1;5.59;0.3726666666666663
myUSP;myUSP;sep_05_raw;1;0;0.72;0.0225
myUSP;myUSP;sep_05_raw;1;1;31.28;0.9775
myUSP;myUSP;sep_05_a01;0;0;10.46;0.697333333333333
myUSP;myUSP;sep_05_a01;0;1;4.54;0.3026666666666663
myUSP;myUSP;sep_05_a01;1;0;0.97;0.0303125
myUSP;myUSP;sep_05_a01;1;1;31.03;0.9696875
myUSP;myUSP;sep_05_a02;0;0;10.87;0.7246666666666663
myUSP;myUSP;sep_05_a02;0;1;4.13;0.275333333333333
myUSP;myUSP;sep_05_a02;1;0;1.33;0.0415625
myUSP;myUSP;sep_05_a02;1;1;30.67;0.9584375
myUSP;myUSP;spectral_06;0;0;11.45;0.7633333333333329
myUSP;myUSP;spectral_06;0;1;3.55;0.23666666666666644
myUSP;myUSP;spectral_06;1;0;1.34;0.041875
myUSP;myUSP;spectral_06;1;1;30.66;0.958125
myUSP;myUSP;combined_06;0;0;11.32;0.7546666666666662
myUSP;myUSP;combined_06;0;1;3.68;0.24533333333333313
myUSP;myUSP;combined_06;1;0;0.84;0.02625
myUSP;myUSP;combined_06;1;1;31.16;0.97375
myUSP;myUSP;sep_06_raw;0;0;9.85;0.6566666666666666
myUSP;myUSP;sep_06_raw;0;1;5.15;0.3433333333333329
myUSP;myUSP;sep_06_raw;1;0;0.66;0.020625
myUSP;myUSP;sep_06_raw;1;1;31.34;0.979375
myUSP;myUSP;sep_06_a01;0;0;11.18;0.7453333333333326
myUSP;myUSP;sep_06_a01;0;1;3.82;0.2546666666666664
myUSP;myUSP;sep_06_a01;1;0;0.94;0.029375
myUSP;myUSP;sep_06_a01;1;1;31.06;0.970625
myUSP;myUSP;sep_06_a02;0;0;11.07;0.7379999999999995
myUSP;myUSP;sep_06_a02;0;1;3.93;0.2619999999999998
myUSP;myUSP;sep_06_a02;1;0;1.16;0.03625
myUSP;myUSP;sep_06_a02;1;1;30.84;0.96375
myUSP;myUSP;spectral_07;0;0;11.87;0.7913333333333327
myUSP;myUSP;spectral_07;0;1;3.13;0.20866666666666644
myUSP;myUSP;spectral_07;1;0;0.62;0.019375
myUSP;myUSP;spectral_07;1;1;31.38;0.980625
myUSP;myUSP;combined_07;0;0;11.72;0.7813333333333329
myUSP;myUSP;combined_07;0;1;3.28;0.21866666666666654
myUSP;myUSP;combined_07;1;0;0.83;0.0259375
myUSP;myUSP;combined_07;1;1;31.17;0.9740625
myUSP;myUSP;sep_07_raw;0;0;10.54;0.7026666666666666
myUSP;myUSP;sep_07_raw;0;1;4.46;0.297333333333333
myUSP;myUSP;sep_07_raw;1;0;0.42;0.013125
myUSP;myUSP;sep_07_raw;1;1;31.58;0.986875
myUSP;myUSP;sep_07_a01;0;0;11.87;0.791333333333333
myUSP;myUSP;sep_07_a01;0;1;3.13;0.20866666666666653
myUSP;myUSP;sep_07_a01;1;0;0.38;0.011875
myUSP;myUSP;sep_07_a01;1;1;31.62;0.988125
myUSP;myUSP;sep_07_a02;0;0;11.45;0.7633333333333325
myUSP;myUSP;sep_07_a02;0;1;3.55;0.2366666666666664
myUSP;myUSP;sep_07_a02;1;0;0.69;0.0215625
myUSP;myUSP;sep_07_a02;1;1;31.31;0.9784375
myUSP;myUSP;spectral_08;0;0;11.85;0.7899999999999995
myUSP;myUSP;spectral_08;0;1;3.15;0.20999999999999985
myUSP;myUSP;spectral_08;1;0;0.32;0.01
myUSP;myUSP;spectral_08;1;1;31.68;0.99
myUSP;myUSP;combined_08;0;0;11.66;0.7773333333333327
myUSP;myUSP;combined_08;0;1;3.34;0.2226666666666664
myUSP;myUSP;combined_08;1;0;0.45;0.0140625
myUSP;myUSP;combined_08;1;1;31.55;0.9859375
myUSP;myUSP;sep_08_raw;0;0;10.69;0.7126666666666663
myUSP;myUSP;sep_08_raw;0;1;4.31;0.287333333333333
myUSP;myUSP;sep_08_raw;1;0;0.34;0.010625
myUSP;myUSP;sep_08_raw;1;1;31.66;0.989375
myUSP;myUSP;sep_08_a01;0;0;11.79;0.7859999999999995
myUSP;myUSP;sep_08_a01;0;1;3.21;0.21399999999999986
myUSP;myUSP;sep_08_a01;1;0;0.3;0.009375
myUSP;myUSP;sep_08_a01;1;1;31.7;0.990625
myUSP;myUSP;sep_08_a02;0;0;11.33;0.7553333333333327
myUSP;myUSP;sep_08_a02;0;1;3.67;0.24466666666666648
myUSP;myUSP;sep_08_a02;1;0;0.64;0.02
myUSP;myUSP;sep_08_a02;1;1;31.36;0.98
myUSP;myUSP;spectral_09;0;0;11.59;0.7726666666666661
myUSP;myUSP;spectral_09;0;1;3.41;0.22733333333333305
myUSP;myUSP;spectral_09;1;0;0.1;0.003125
myUSP;myUSP;spectral_09;1;1;31.9;0.996875
myUSP;myUSP;combined_09;0;0;11.36;0.7573333333333332
myUSP;myUSP;combined_09;0;1;3.64;0.24266666666666645
myUSP;myUSP;combined_09;1;0;0.27;0.0084375
myUSP;myUSP;combined_09;1;1;31.73;0.9915625
myUSP;myUSP;sep_09_raw;0;0;10.82;0.7213333333333329
myUSP;myUSP;sep_09_raw;0;1;4.18;0.2786666666666664
myUSP;myUSP;sep_09_raw;1;0;0.25;0.0078125
myUSP;myUSP;sep_09_raw;1;1;31.75;0.9921875
myUSP;myUSP;sep_09_a01;0;0;11.52;0.7679999999999996
myUSP;myUSP;sep_09_a01;0;1;3.48;0.2319999999999997
myUSP;myUSP;sep_09_a01;1;0;0.11;0.0034375
myUSP;myUSP;sep_09_a01;1;1;31.89;0.9965625
myUSP;myUSP;sep_09_a02;0;0;11.16;0.7439999999999994
myUSP;myUSP;sep_09_a02;0;1;3.84;0.2559999999999997
myUSP;myUSP;sep_09_a02;1;0;0.57;0.0178125
myUSP;myUSP;sep_09_a02;1;1;31.43;0.9821875
myUSP;myUSP;spectral_10;0;0;11.4;0.7599999999999996
myUSP;myUSP;spectral_10;0;1;3.6;0.23999999999999974
myUSP;myUSP;spectral_10;1;0;0.04;0.00125
myUSP;myUSP;spectral_10;1;1;31.96;0.99875
myUSP;myUSP;combined_10;0;0;10.67;0.7113333333333334
myUSP;myUSP;combined_10;0;1;4.33;0.28866666666666635
myUSP;myUSP;combined_10;1;0;0.29;0.0090625
myUSP;myUSP;combined_10;1;1;31.71;0.9909375
myUSP;myUSP;sep_10_raw;0;0;10.67;0.7113333333333329
myUSP;myUSP;sep_10_raw;0;1;4.33;0.2886666666666663
myUSP;myUSP;sep_10_raw;1;0;0.18;0.005625
myUSP;myUSP;sep_10_raw;1;1;31.82;0.994375
myUSP;myUSP;sep_10_a01;0;0;11.35;0.7566666666666658
myUSP;myUSP;sep_10_a01;0;1;3.65;0.2433333333333331
myUSP;myUSP;sep_10_a01;1;0;0.06;0.001875
myUSP;myUSP;sep_10_a01;1;1;31.94;0.998125
myUSP;myUSP;sep_10_a02;0;0;10.97;0.7313333333333327
myUSP;myUSP;sep_10_a02;0;1;4.03;0.26866666666666633
myUSP;myUSP;sep_10_a02;1;0;0.53;0.0165625
myUSP;myUSP;sep_10_a02;1;1;31.47;0.9834375
myUSP;myUSP;spectral_11;0;0;10.65;0.7099999999999995
myUSP;myUSP;spectral_11;0;1;4.35;0.2899999999999997
myUSP;myUSP;spectral_11;1;0;0.0;0.0
myUSP;myUSP;spectral_11;1;1;32.0;1.0
myUSP;myUSP;combined_11;0;0;10.0;0.6666666666666664
myUSP;myUSP;combined_11;0;1;5.0;0.3333333333333329
myUSP;myUSP;combined_11;1;0;0.2;0.00625
myUSP;myUSP;combined_11;1;1;31.8;0.99375
myUSP;myUSP;sep_11_raw;0;0;10.25;0.6833333333333331
myUSP;myUSP;sep_11_raw;0;1;4.75;0.31666666666666626
myUSP;myUSP;sep_11_raw;1;0;0.14;0.004375
myUSP;myUSP;sep_11_raw;1;1;31.86;0.995625
myUSP;myUSP;sep_11_a01;0;0;10.61;0.7073333333333329
myUSP;myUSP;sep_11_a01;0;1;4.39;0.29266666666666635
myUSP;myUSP;sep_11_a01;1;0;0.02;0.000625
myUSP;myUSP;sep_11_a01;1;1;31.98;0.999375
myUSP;myUSP;sep_11_a02;0;0;10.48;0.6986666666666664
myUSP;myUSP;sep_11_a02;0;1;4.52;0.30133333333333295
myUSP;myUSP;sep_11_a02;1;0;0.32;0.01
myUSP;myUSP;sep_11_a02;1;1;31.68;0.99
myUSP;myUSP;spectral_12;0;0;9.69;0.6460000000000001
myUSP;myUSP;spectral_12;0;1;5.31;0.3539999999999997
myUSP;myUSP;spectral_12;1;0;0.0;0.0
myUSP;myUSP;spectral_12;1;1;32.0;1.0
myUSP;myUSP;combined_12;0;0;9.18;0.612
myUSP;myUSP;combined_12;0;1;5.82;0.3879999999999997
myUSP;myUSP;combined_12;1;0;0.1;0.003125
myUSP;myUSP;combined_12;1;1;31.9;0.996875
myUSP;myUSP;sep_12_raw;0;0;9.26;0.6173333333333333
myUSP;myUSP;sep_12_raw;0;1;5.74;0.3826666666666665
myUSP;myUSP;sep_12_raw;1;0;0.13;0.0040625
myUSP;myUSP;sep_12_raw;1;1;31.87;0.9959375
myUSP;myUSP;sep_12_a01;0;0;9.39;0.6259999999999999
myUSP;myUSP;sep_12_a01;0;1;5.61;0.37399999999999983
myUSP;myUSP;sep_12_a01;1;0;0.01;0.0003125
myUSP;myUSP;sep_12_a01;1;1;31.99;0.9996875
myUSP;myUSP;sep_12_a02;0;0;9.43;0.6286666666666667
myUSP;myUSP;sep_12_a02;0;1;5.57;0.37133333333333307
myUSP;myUSP;sep_12_a02;1;0;0.27;0.0084375
myUSP;myUSP;sep_12_a02;1;1;31.73;0.9915625
myUSP;myUSP;spectral_13;0;0;8.25;0.55
myUSP;myUSP;spectral_13;0;1;6.75;0.45
myUSP;myUSP;spectral_13;1;0;0.02;0.000625
myUSP;myUSP;spectral_13;1;1;31.98;0.999375
myUSP;myUSP;combined_13;0;0;8.61;0.5740000000000002
myUSP;myUSP;combined_13;0;1;6.39;0.4259999999999997
myUSP;myUSP;combined_13;1;0;0.04;0.00125
myUSP;myUSP;combined_13;1;1;31.96;0.99875
myUSP;myUSP;sep_13_raw;0;0;8.16;0.5440000000000002
myUSP;myUSP;sep_13_raw;0;1;6.84;0.4559999999999997
myUSP;myUSP;sep_13_raw;1;0;0.06;0.001875
myUSP;myUSP;sep_13_raw;1;1;31.94;0.998125
myUSP;myUSP;sep_13_a01;0;0;8.07;0.5379999999999998
myUSP;myUSP;sep_13_a01;0;1;6.93;0.4620000000000001
myUSP;myUSP;sep_13_a01;1;0;0.02;0.000625
myUSP;myUSP;sep_13_a01;1;1;31.98;0.999375
myUSP;myUSP;sep_13_a02;0;0;8.44;0.5626666666666666
myUSP;myUSP;sep_13_a02;0;1;6.56;0.4373333333333331
myUSP;myUSP;sep_13_a02;1;0;0.23;0.0071875
myUSP;myUSP;sep_13_a02;1;1;31.77;0.9928125
myUSP;myUSP;spectral_14;0;0;7.32;0.48800000000000004
myUSP;myUSP;spectral_14;0;1;7.68;0.512
myUSP;myUSP;spectral_14;1;0;0.0;0.0
myUSP;myUSP;spectral_14;1;1;32.0;1.0
myUSP;myUSP;combined_14;0;0;7.71;0.5139999999999999
myUSP;myUSP;combined_14;0;1;7.29;0.4860000000000001
myUSP;myUSP;combined_14;1;0;0.05;0.0015625
myUSP;myUSP;combined_14;1;1;31.95;0.9984375
myUSP;myUSP;sep_14_raw;0;0;7.32;0.48799999999999977
myUSP;myUSP;sep_14_raw;0;1;7.68;0.5120000000000002
myUSP;myUSP;sep_14_raw;1;0;0.03;0.0009375
myUSP;myUSP;sep_14_raw;1;1;31.97;0.9990625
myUSP;myUSP;sep_14_a01;0;0;7.18;0.4786666666666667
myUSP;myUSP;sep_14_a01;0;1;7.82;0.5213333333333334
myUSP;myUSP;sep_14_a01;1;0;0.02;0.000625
myUSP;myUSP;sep_14_a01;1;1;31.98;0.999375
myUSP;myUSP;sep_14_a02;0;0;7.53;0.5019999999999999
myUSP;myUSP;sep_14_a02;0;1;7.47;0.4980000000000001
myUSP;myUSP;sep_14_a02;1;0;0.23;0.0071875
myUSP;myUSP;sep_14_a02;1;1;31.77;0.9928125
myUSP;myUSP;spectral_15;0;0;6.4;0.4266666666666664
myUSP;myUSP;spectral_15;0;1;8.6;0.5733333333333335
myUSP;myUSP;spectral_15;1;0;0.0;0.0
myUSP;myUSP;spectral_15;1;1;32.0;1.0
myUSP;myUSP;combined_15;0;0;6.88;0.45866666666666644
myUSP;myUSP;combined_15;0;1;8.12;0.5413333333333334
myUSP;myUSP;combined_15;1;0;0.06;0.001875
myUSP;myUSP;combined_15;1;1;31.94;0.998125
myUSP;myUSP;sep_15_raw;0;0;6.42;0.4279999999999996
myUSP;myUSP;sep_15_raw;0;1;8.58;0.5720000000000004
myUSP;myUSP;sep_15_raw;1;0;0.0;0.0
myUSP;myUSP;sep_15_raw;1;1;32.0;1.0
myUSP;myUSP;sep_15_a01;0;0;6.47;0.43133333333333307
myUSP;myUSP;sep_15_a01;0;1;8.53;0.5686666666666668
myUSP;myUSP;sep_15_a01;1;0;0.01;0.0003125
myUSP;myUSP;sep_15_a01;1;1;31.99;0.9996875
myUSP;myUSP;sep_15_a02;0;0;6.63;0.44199999999999967
myUSP;myUSP;sep_15_a02;0;1;8.37;0.5580000000000003
myUSP;myUSP;sep_15_a02;1;0;0.15;0.0046875
myUSP;myUSP;sep_15_a02;1;1;31.85;0.9953125
